{
  "degraded_blur_1.5": {
    "kl_divergence": 3.271321842645432e-06,
    "wasserstein_distance": 0.0008422932740224098,
    "l2_log_distance": 14.571195013836386,
    "real_band_energies": [
      0.9999257808037219,
      6.674432940910077e-05,
      7.474866869000276e-06
    ],
    "gen_band_energies": [
      0.9999893555846795,
      8.688539018853612e-06,
      1.955876301738801e-06
    ],
    "real_slope": -2.986559377917091,
    "gen_slope": -3.410266048639757,
    "real_intercept": 10.15646608516638,
    "gen_intercept": 10.555654514096748
  },
  "degraded_downup_512": {
    "kl_divergence": 3.45578229212827e-07,
    "wasserstein_distance": 0.00013557616419879182,
    "l2_log_distance": 8.97466266946045,
    "real_band_energies": [
      0.9999257808037219,
      6.674432940910077e-05,
      7.474866869000276e-06
    ],
    "gen_band_energies": [
      0.999958092069827,
      3.9735848648114576e-05,
      2.1720815248836144e-06
    ],
    "real_slope": -2.986559377917091,
    "gen_slope": -3.4136159800176467,
    "real_intercept": 10.15646608516638,
    "gen_intercept": 10.836041734195524
  },
  "degraded_jpeg_85": {
    "kl_divergence": 6.518557524156231e-10,
    "wasserstein_distance": 9.366952922196248e-06,
    "l2_log_distance": 0.384818295779691,
    "real_band_energies": [
      0.9999257808037219,
      6.674432940910077e-05,
      7.474866869000276e-06
    ],
    "gen_band_energies": [
      0.9999259223291389,
      6.695015177656232e-05,
      7.127519084524754e-06
    ],
    "real_slope": -2.986559377917091,
    "gen_slope": -2.9937062730128368,
    "real_intercept": 10.15646608516638,
    "gen_intercept": 10.168687408728756
  },
  "klein_4b_distilled": {
    "kl_divergence": 0.00021421391034687976,
    "wasserstein_distance": 0.005341108327481581,
    "l2_log_distance": 3.5336186143635997,
    "real_band_energies": [
      0.9999257808037219,
      6.674432940910077e-05,
      7.474866869000276e-06
    ],
    "gen_band_energies": [
      0.9999504728191159,
      4.121885345043941e-05,
      8.308327433387149e-06
    ],
    "real_slope": -2.986559377917091,
    "gen_slope": -2.8687250835579015,
    "real_intercept": 10.15646608516638,
    "gen_intercept": 9.909501585305765
  }
}