{
  "klein_4b_distilled": {
    "kl_divergence": 0.00021421391034687976,
    "wasserstein_distance": 0.005341108327481581,
    "l2_log_distance": 3.5336186143635997,
    "real_band_energies": [
      0.9999257808037219,
      6.674432940910077e-05,
      7.474866869000276e-06
    ],
    "gen_band_energies": [
      0.9999504728191159,
      4.121885345043941e-05,
      8.308327433387149e-06
    ],
    "real_slope": -2.986559377917091,
    "gen_slope": -2.8687250835579015,
    "real_intercept": 10.15646608516638,
    "gen_intercept": 9.909501585305765
  }
}