{
  "kl_divergence": 0.00015180467784507945,
  "wasserstein_distance": 0.004232515160792816,
  "l2_log_distance": 6.084116144197883,
  "real_band_energies": [
    4.379645202014736,
    2.6796530080816146,
    1.5979827468272667
  ],
  "gen_band_energies": [
    4.405934003314421,
    2.7477720755389172,
    2.0067628605683523
  ],
  "real_slope": -2.9783376872015426,
  "gen_slope": -2.906670980052997,
  "real_intercept": 9.769508736905808,
  "gen_intercept": 9.687004591240473
}