{
  "kl_divergence": 0.00019743919092577868,
  "wasserstein_distance": 0.006883612559278052,
  "l2_log_distance": 4.217166179556215,
  "real_band_energies": [
    4.7636775955481925,
    3.1249517262104947,
    2.1808079547196177
  ],
  "gen_band_energies": [
    4.7904362949203705,
    3.158814297105751,
    2.4552598064675926
  ],
  "real_slope": -2.8580028998425453,
  "gen_slope": -2.842498360112856,
  "real_intercept": 9.933838915705394,
  "gen_intercept": 9.949835396950869
}