{
  "kl_divergence": 0.0004422490809618724,
  "wasserstein_distance": 0.005109155338377858,
  "l2_log_distance": 6.3540380067387385,
  "real_band_energies": [
    4.379645202014736,
    2.6796530080816146,
    1.5979827468272667
  ],
  "gen_band_energies": [
    4.213118960352917,
    2.586533559530776,
    1.9772151867034973
  ],
  "real_slope": -2.9783376872015426,
  "gen_slope": -2.8065850306557705,
  "real_intercept": 9.769508736905808,
  "gen_intercept": 9.307781615846531
}