{
  "kl_divergence": 0.00034214712540071667,
  "wasserstein_distance": 0.006602263102772343,
  "l2_log_distance": 5.001756671675403,
  "real_band_energies": [
    4.7636775955481925,
    3.1249517262104947,
    2.1808079547196177
  ],
  "gen_band_energies": [
    4.635335038774167,
    3.088303356523199,
    2.4936145273161765
  ],
  "real_slope": -2.8580028998425453,
  "gen_slope": -2.662875759383735,
  "real_intercept": 9.933838915705394,
  "gen_intercept": 9.464053573512306
}