{
  "degraded_blur_1.5": {
    "kl_divergence": 2.615399183464652e-06,
    "wasserstein_distance": 0.0004095074692338496,
    "l2_log_distance": 44.08062609169875,
    "real_band_energies": [
      4.379645202014736,
      2.6796530080816146,
      1.5979827468272667
    ],
    "gen_band_energies": [
      4.046420207357045,
      0.70430852428735,
      -1.0374649639528812
    ],
    "real_slope": -2.9783376872015426,
    "gen_slope": -5.137112532027284,
    "real_intercept": 9.769508736905808,
    "gen_intercept": 13.263524896098428
  },
  "degraded_downup_512": {
    "kl_divergence": 2.3388634222526368e-07,
    "wasserstein_distance": 5.747085633722726e-05,
    "l2_log_distance": 17.285839871781622,
    "real_band_energies": [
      4.379645202014736,
      2.6796530080816146,
      1.5979827468272667
    ],
    "gen_band_energies": [
      4.3895377764940005,
      2.1526257580582753,
      0.44417697398938893
    ],
    "real_slope": -2.9783376872015426,
    "gen_slope": -4.009714967980171,
    "real_intercept": 9.769508736905808,
    "gen_intercept": 11.627912144381746
  },
  "degraded_jpeg_85": {
    "kl_divergence": 8.707167482112921e-10,
    "wasserstein_distance": 6.712900087690876e-06,
    "l2_log_distance": 0.920530194711892,
    "real_band_energies": [
      4.379645202014736,
      2.6796530080816146,
      1.5979827468272667
    ],
    "gen_band_energies": [
      4.381126406505398,
      2.675457503124209,
      1.589318117904705
    ],
    "real_slope": -2.9783376872015426,
    "gen_slope": -3.0127526557200377,
    "real_intercept": 9.769508736905808,
    "gen_intercept": 9.835043849790607
  },
  "klein_distilled": {
    "kl_divergence": 0.00015180467784507945,
    "wasserstein_distance": 0.004232515160792816,
    "l2_log_distance": 6.084116144197883,
    "real_band_energies": [
      4.379645202014736,
      2.6796530080816146,
      1.5979827468272667
    ],
    "gen_band_energies": [
      4.405934003314421,
      2.7477720755389172,
      2.0067628605683523
    ],
    "real_slope": -2.9783376872015426,
    "gen_slope": -2.906670980052997,
    "real_intercept": 9.769508736905808,
    "gen_intercept": 9.687004591240473
  },
  "klein_base_g4_s50": {
    "kl_divergence": 0.0004422490809618724,
    "wasserstein_distance": 0.005109155338377858,
    "l2_log_distance": 6.3540380067387385,
    "real_band_energies": [
      4.379645202014736,
      2.6796530080816146,
      1.5979827468272667
    ],
    "gen_band_energies": [
      4.213118960352917,
      2.586533559530776,
      1.9772151867034973
    ],
    "real_slope": -2.9783376872015426,
    "gen_slope": -2.8065850306557705,
    "real_intercept": 9.769508736905808,
    "gen_intercept": 9.307781615846531
  },
  "flux2_max": {
    "kl_divergence": 0.0003378835693222183,
    "wasserstein_distance": 0.0025668734266253157,
    "l2_log_distance": 7.9316533042594966,
    "real_band_energies": [
      4.379645202014736,
      2.6796530080816146,
      1.5979827468272667
    ],
    "gen_band_energies": [
      4.125614794093925,
      2.6150891381066805,
      2.081016565592345
    ],
    "real_slope": -2.9783376872015426,
    "gen_slope": -2.645754938956281,
    "real_intercept": 9.769508736905808,
    "gen_intercept": 8.940849714815629
  }
}