{
  "degraded_blur_1.5": {
    "kl_divergence": 3.271321842645432e-06,
    "wasserstein_distance": 0.0008422932740224098,
    "l2_log_distance": 14.571195013836386,
    "real_band_energies": [
      4.7636775955481925,
      3.1249517262104947,
      2.1808079547196177
    ],
    "gen_band_energies": [
      4.485565604424934,
      2.2230695451170646,
      1.6616927189800075
    ],
    "real_slope": -2.8580028998425453,
    "gen_slope": -3.6643604946092,
    "real_intercept": 9.933838915705394,
    "gen_intercept": 11.091847853859154
  },
  "degraded_downup_512": {
    "kl_divergence": 3.45578229212827e-07,
    "wasserstein_distance": 0.00013557616419879182,
    "l2_log_distance": 8.97466266946045,
    "real_band_energies": [
      4.7636775955481925,
      3.1249517262104947,
      2.1808079547196177
    ],
    "gen_band_energies": [
      4.771998024907483,
      2.714611288855516,
      1.7046858333204582
    ],
    "real_slope": -2.8580028998425453,
    "gen_slope": -3.500731286338634,
    "real_intercept": 9.933838915705394,
    "gen_intercept": 11.07827728907285
  },
  "degraded_jpeg_85": {
    "kl_divergence": 6.518557524156231e-10,
    "wasserstein_distance": 9.366952922196248e-06,
    "l2_log_distance": 0.384818295779691,
    "real_band_energies": [
      4.7636775955481925,
      3.1249517262104947,
      2.1808079547196177
    ],
    "gen_band_energies": [
      4.764541310109719,
      3.123812904348956,
      2.168987826995582
    ],
    "real_slope": -2.8580028998425453,
    "gen_slope": -2.8734337571570645,
    "real_intercept": 9.933838915705394,
    "gen_intercept": 9.963479790282536
  },
  "klein_distilled": {
    "kl_divergence": 0.00019743919092577868,
    "wasserstein_distance": 0.006883612559278052,
    "l2_log_distance": 4.217166179556215,
    "real_band_energies": [
      4.7636775955481925,
      3.1249517262104947,
      2.1808079547196177
    ],
    "gen_band_energies": [
      4.7904362949203705,
      3.158814297105751,
      2.4552598064675926
    ],
    "real_slope": -2.8580028998425453,
    "gen_slope": -2.842498360112856,
    "real_intercept": 9.933838915705394,
    "gen_intercept": 9.949835396950869
  },
  "klein_base_g4_s50": {
    "kl_divergence": 0.00034214712540071667,
    "wasserstein_distance": 0.006602263102772343,
    "l2_log_distance": 5.001756671675403,
    "real_band_energies": [
      4.7636775955481925,
      3.1249517262104947,
      2.1808079547196177
    ],
    "gen_band_energies": [
      4.635335038774167,
      3.088303356523199,
      2.4936145273161765
    ],
    "real_slope": -2.8580028998425453,
    "gen_slope": -2.662875759383735,
    "real_intercept": 9.933838915705394,
    "gen_intercept": 9.464053573512306
  },
  "flux2_max": {
    "kl_divergence": 0.0003197464872057877,
    "wasserstein_distance": 0.004651788610575025,
    "l2_log_distance": 5.963186384187658,
    "real_band_energies": [
      4.7636775955481925,
      3.1249517262104947,
      2.1808079547196177
    ],
    "gen_band_energies": [
      4.510339448453771,
      2.9931838599541822,
      2.4723529935788537
    ],
    "real_slope": -2.8580028998425453,
    "gen_slope": -2.6345446606978697,
    "real_intercept": 9.933838915705394,
    "gen_intercept": 9.299094988703182
  }
}