{
  "kl_divergence": 0.0003378835693222183,
  "wasserstein_distance": 0.0025668734266253157,
  "l2_log_distance": 7.9316533042594966,
  "real_band_energies": [
    4.379645202014736,
    2.6796530080816146,
    1.5979827468272667
  ],
  "gen_band_energies": [
    4.125614794093925,
    2.6150891381066805,
    2.081016565592345
  ],
  "real_slope": -2.9783376872015426,
  "gen_slope": -2.645754938956281,
  "real_intercept": 9.769508736905808,
  "gen_intercept": 8.940849714815629
}