{
  "kl_divergence": 0.0003197464872057877,
  "wasserstein_distance": 0.004651788610575025,
  "l2_log_distance": 5.963186384187658,
  "real_band_energies": [
    4.7636775955481925,
    3.1249517262104947,
    2.1808079547196177
  ],
  "gen_band_energies": [
    4.510339448453771,
    2.9931838599541822,
    2.4723529935788537
  ],
  "real_slope": -2.8580028998425453,
  "gen_slope": -2.6345446606978697,
  "real_intercept": 9.933838915705394,
  "gen_intercept": 9.299094988703182
}