{
  "timings_seconds": {
    "run_analysis": 1.3516783000086434,
    "run_controls": 14.41312939999625,
    "run_detection": 1.6930777999805287
  },
  "total_time_seconds": 17.457885499985423,
  "key_findings": {
    "klein_4b_distilled": {
      "kl_divergence": 0.00021421391034687976,
      "wasserstein_distance": 0.005341108327481581,
      "real_slope": -2.986559377917091,
      "gen_slope": -2.8687250835579015,
      "slope_difference": 0.11783429435918968,
      "best_detection_auc": 1.0,
      "best_cv_auc": 0.9795555555555555
    }
  },
  "spectral_metrics": {
    "klein_4b_distilled": {
      "kl_divergence": 0.00021421391034687976,
      "wasserstein_distance": 0.005341108327481581,
      "l2_log_distance": 3.5336186143635997,
      "real_band_energies": [
        0.9999257808037219,
        6.674432940910077e-05,
        7.474866869000276e-06
      ],
      "gen_band_energies": [
        0.9999504728191159,
        4.121885345043941e-05,
        8.308327433387149e-06
      ],
      "real_slope": -2.986559377917091,
      "gen_slope": -2.8687250835579015,
      "real_intercept": 10.15646608516638,
      "gen_intercept": 9.909501585305765
    }
  },
  "control_metrics": {
    "degraded_blur_1.5": {
      "kl_divergence": 3.271321842645432e-06,
      "wasserstein_distance": 0.0008422932740224098,
      "l2_log_distance": 14.571195013836386,
      "real_band_energies": [
        0.9999257808037219,
        6.674432940910077e-05,
        7.474866869000276e-06
      ],
      "gen_band_energies": [
        0.9999893555846795,
        8.688539018853612e-06,
        1.955876301738801e-06
      ],
      "real_slope": -2.986559377917091,
      "gen_slope": -3.410266048639757,
      "real_intercept": 10.15646608516638,
      "gen_intercept": 10.555654514096748
    },
    "degraded_downup_512": {
      "kl_divergence": 3.45578229212827e-07,
      "wasserstein_distance": 0.00013557616419879182,
      "l2_log_distance": 8.97466266946045,
      "real_band_energies": [
        0.9999257808037219,
        6.674432940910077e-05,
        7.474866869000276e-06
      ],
      "gen_band_energies": [
        0.999958092069827,
        3.9735848648114576e-05,
        2.1720815248836144e-06
      ],
      "real_slope": -2.986559377917091,
      "gen_slope": -3.4136159800176467,
      "real_intercept": 10.15646608516638,
      "gen_intercept": 10.836041734195524
    },
    "degraded_jpeg_85": {
      "kl_divergence": 6.518557524156231e-10,
      "wasserstein_distance": 9.366952922196248e-06,
      "l2_log_distance": 0.384818295779691,
      "real_band_energies": [
        0.9999257808037219,
        6.674432940910077e-05,
        7.474866869000276e-06
      ],
      "gen_band_energies": [
        0.9999259223291389,
        6.695015177656232e-05,
        7.127519084524754e-06
      ],
      "real_slope": -2.986559377917091,
      "gen_slope": -2.9937062730128368,
      "real_intercept": 10.15646608516638,
      "gen_intercept": 10.168687408728756
    },
    "klein_4b_distilled": {
      "kl_divergence": 0.00021421391034687976,
      "wasserstein_distance": 0.005341108327481581,
      "l2_log_distance": 3.5336186143635997,
      "real_band_energies": [
        0.9999257808037219,
        6.674432940910077e-05,
        7.474866869000276e-06
      ],
      "gen_band_energies": [
        0.9999504728191159,
        4.121885345043941e-05,
        8.308327433387149e-06
      ],
      "real_slope": -2.986559377917091,
      "gen_slope": -2.8687250835579015,
      "real_intercept": 10.15646608516638,
      "gen_intercept": 9.909501585305765
    }
  },
  "detection_results": {
    "klein_4b_distilled": {
      "cv_results": {
        "logistic_regression": {
          "accuracy_mean": 0.9395918367346938,
          "accuracy_std": 0.017712592790354927,
          "roc_auc_mean": 0.9767222222222222,
          "roc_auc_std": 0.018303342472865816,
          "f1_mean": 0.9026351426351426,
          "f1_std": 0.03203403892037518,
          "fold_results": [
            {
              "accuracy": 0.92,
              "roc_auc": 0.9474999999999999,
              "f1": 0.8834498834498834
            },
            {
              "accuracy": 0.92,
              "roc_auc": 1.0,
              "f1": 0.8511904761904762
            },
            {
              "accuracy": 0.96,
              "roc_auc": 0.975,
              "f1": 0.9375
            },
            {
              "accuracy": 0.9591836734693877,
              "roc_auc": 0.9916666666666667,
              "f1": 0.9319444444444445
            },
            {
              "accuracy": 0.9387755102040817,
              "roc_auc": 0.9694444444444444,
              "f1": 0.9090909090909091
            }
          ]
        },
        "svm_rbf": {
          "accuracy_mean": 0.8065306122448981,
          "accuracy_std": 0.007998333853985875,
          "roc_auc_mean": 0.9740555555555555,
          "roc_auc_std": 0.021612182207104532,
          "f1_mean": 0.4464419475655431,
          "f1_std": 0.002446431703154241,
          "fold_results": [
            {
              "accuracy": 0.8,
              "roc_auc": 0.9450000000000001,
              "f1": 0.4444444444444444
            },
            {
              "accuracy": 0.8,
              "roc_auc": 0.9974999999999999,
              "f1": 0.4444444444444444
            },
            {
              "accuracy": 0.8,
              "roc_auc": 1.0,
              "f1": 0.4444444444444444
            },
            {
              "accuracy": 0.8163265306122449,
              "roc_auc": 0.9583333333333333,
              "f1": 0.449438202247191
            },
            {
              "accuracy": 0.8163265306122449,
              "roc_auc": 0.9694444444444444,
              "f1": 0.449438202247191
            }
          ]
        },
        "random_forest": {
          "accuracy_mean": 0.9154285714285715,
          "accuracy_std": 0.02652043760942526,
          "roc_auc_mean": 0.9795555555555555,
          "roc_auc_std": 0.01308902329680098,
          "f1_mean": 0.8660873438871441,
          "f1_std": 0.035865502718803094,
          "fold_results": [
            {
              "accuracy": 0.88,
              "roc_auc": 0.97375,
              "f1": 0.8355263157894737
            },
            {
              "accuracy": 0.92,
              "roc_auc": 0.9975,
              "f1": 0.8511904761904762
            },
            {
              "accuracy": 0.92,
              "roc_auc": 0.9862500000000001,
              "f1": 0.875
            },
            {
              "accuracy": 0.8979591836734694,
              "roc_auc": 0.9583333333333333,
              "f1": 0.8367754830113258
            },
            {
              "accuracy": 0.9591836734693877,
              "roc_auc": 0.9819444444444445,
              "f1": 0.9319444444444445
            }
          ]
        }
      },
      "roc_auc_full": {
        "logistic_regression": 0.9836458333333333,
        "svm_rbf": 0.9763541666666666,
        "random_forest": 1.0
      }
    }
  }
}