{
  "real_slope": -2.9783376872015426,
  "conditions": {
    "A": {
      "label": "Base g=4.0 s=50",
      "steps": 50,
      "guidance": 4.0,
      "n_images": 41,
      "slope": -2.8065850306557705,
      "slope_diff": 0.1717526565457721,
      "wasserstein": 0.005109155338377858,
      "kl_divergence": 0.0004422490809618724,
      "lr_auc_mean": 0.98375,
      "lr_auc_std": 0.015983389815680545
    },
    "B": {
      "label": "Base g=1.0 s=50",
      "steps": 50,
      "guidance": 1.0,
      "n_images": 19,
      "slope": -2.6258606219743617,
      "slope_diff": 0.3524770652271809,
      "wasserstein": 0.004573814845307611,
      "kl_divergence": 0.0005170611237378764,
      "lr_auc_mean": 0.9829166666666665,
      "lr_auc_std": 0.009166666666666656
    },
    "D": {
      "label": "Base g=1.0 s=4",
      "steps": 4,
      "guidance": 1.0,
      "n_images": 66,
      "slope": -2.1773014941744098,
      "slope_diff": 0.8010361930271328,
      "wasserstein": 0.0028276042797382717,
      "kl_divergence": 0.00019439782389387198,
      "lr_auc_mean": 1.0,
      "lr_auc_std": 0.0
    },
    "distilled": {
      "label": "Distilled g=1.0 s=4",
      "steps": 4,
      "guidance": 1.0,
      "n_images": 200,
      "slope": -2.906670980052997,
      "slope_diff": 0.0716667071485455,
      "wasserstein": 0.004232515160792816,
      "kl_divergence": 0.00015180467784507945,
      "lr_auc_mean": 0.995125,
      "lr_auc_std": 0.005382262535402706
    }
  }
}